CO	adobe-creek-national-golf-course	167
CO	antler-creek-golf-course	111
CO	applewood-golf-course	54
CO	arrowhead-golf-club	18
CO	aspen-golf-club	3
CO	aurora-hills-golf-course	32
CO	battlement-mesa-golf-club	135
CO	beaver-creek-golf-club	61
CO	bella-ridge-golf-course	34
CO	bella-rosa-municipal-golf-course	70
CO	black-canyon-golf-course	107
CO	boomerang-golf-links	41
CO	breckenridge-golf-club	25
CO	broadlands-golf-course	53
CO	broken-tee-golf-course	269
CO	buffalo-run-golf-course	80
CO	cattail-creek-golf-course	134
CO	cattails-golf-club	154
CO	cedaredge-golf-club	145
CO	cherokee-ridge-golf-course	34
CO	chipeta-golf-course	157
CO	city-park-golf-course	37
CO	city-park-nine-golf-course	36
CO	coal-creek-golf-course	97
CO	collindale-golf-course	44
CO	colorado-national-golf-club	29
CO	commonground-golf-course	27
CO	conquistador-golf-course	89
CO	coyote-creek-golf-course	97
CO	dalton-ranch-golf-club	95
CO	divide-ranch-club	83
CO	eagle-ranch-golf-course	84
CO	eaglevail-golf-club	74
CO	estes-park-golf-course	91
CO	evergreen-golf-course	60
CO	flatirons-golf-course	112
CO	foothills-golf-course	331
CO	fossil-trace-golf-club	10
CO	four-mile-ranch-golf-club	40
CO	fox-hollow-golf-course	106
CO	glenwood-springs-golf-club	80
CO	golf-club-at-bear-dance	12
CO	golf-granby-ranch	21
CO	golf-at-river-valley-ranch	87
CO	grand-elk-golf-club	14
CO	grandote-peaks-golf-club	169
CO	green-valley-ranch-golf-club	20
CO	greenway-park-golf-course	48
CO	gypsum-creek-golf-course	101
CO	harvard-gulch-golf-course	124
CO	haymaker-golf-course	78
CO	heather-gardens-golf-course	193
CO	heritage-eagle-bend-golf-club	16
CO	highland-hills-golf-course	54
CO	highland-meadows-golf-course	75
CO	hollydot-golf-course	168
CO	homestead-golf-course	92
CO	indian-peaks-golf-course	47
CO	indian-tree-golf-course	61
CO	ironbridge-golf-club	136
CO	kennedy-golf-course	417
CO	kings-deer-golf-club	88
CO	lakota-links-golf-course	102
CO	legacy-ridge-golf-course	48
CO	lincoln-park-golf-course	116
CO	littleton-golf-tennis-club	54
CO	lone-tree-golf-club-hotel	7
CO	mariana-butte-golf-course	70
CO	meadow-hills-golf-course	33
CO	meadows-golf-club	104
CO	meeker-golf-course	40
CO	monte-vista-country-club	139
CO	mount-massive-golf-course	149
CO	mountain-vista-greens-golf-course	23
CO	murphy-creek-golf-course	25
CO	omni-interlocken-resort-golf-club	11
CO	overland-park-golf-course	68
CO	pagosa-springs-golf-club	102
CO	patty-jewett-golf-course	52
CO	pine-creek-golf-club	80
CO	plum-creek-golf-club	42
CO	pole-creek-golf-club	17
CO	quail-dunes-golf-course	89
CO	raccoon-creek-golf-course	5
CO	raindance-national-resort-golf	54
CO	raven-golf-club-at-three-peaks	60
CO	red-hawk-ridge-golf-course	41
CO	redlands-mesa-golf-club	138
CO	rifle-creek-golf-course	69
CO	rio-grande-club	88
CO	riverdale-golf-course	120
CO	saddle-rock-golf-course	25
CO	saddleback-golf-club	119
CO	salida-golf-club	124
CO	sky-ranch-golf-and-grill	159
CO	south-suburban-family-sports-center	34
CO	south-suburban-golf-course	43
CO	southridge-golf-course	54
CO	spreading-antlers-golf-course	17
CO	spring-valley-golf-club	53
CO	springhill-golf-course	51
CO	steamboat-golf-club	38
CO	stoney-creek-golf-course	18
CO	sumo-golf-village	48
CO	sunset-golf-course	40
CO	the-bridges	50
CO	the-course-at-petteys-park	134
CO	the-golf-club-at-heather-ridge	64
CO	the-greg-mastriona-golf-courses-at-hyland-hills	248
CO	the-links-at-cobble-creek	44
CO	the-links-golf-course	41
CO	the-olde-course-at-loveland	47
CO	the-ranch-course-at-keystone	113
CO	the-ridge-at-castle-pines-north	11
CO	the-river-course-at-keystone	74
CO	thorncreek-golf-club	51
CO	tiara-rado-golf-course	94
CO	todd-creek-golf-club	59
CO	twin-peaks-golf-course	47
CO	ute-creek-golf-course	48
CO	vail-golf-club	4
CO	valley-hi-golf-course	36
CO	walnut-creek-golf-preserve	47
CO	wellshire-golf-course	61
CO	willis-case-golf-course	98
CO	yampa-valley-golf-course	136
AZ	agave-highlands-golf-course	179
AZ	aguila-golf-course	137
AZ	ak-chin-southern-dunes-golf-club	123
AZ	apache-creek-golf-club	88
AZ	apache-wells-country-club	114
AZ	arizona-biltmore-golf-club-estates-course	147
AZ	arizona-biltmore-golf-club-links-course	147
AZ	arizona-city-golf-club	106
AZ	arizona-grand-golf-course	80
AZ	arizona-traditions-golf-club	91
AZ	bellair-golf-park	105
AZ	canyon-mesa-country-club	148
AZ	cave-creek-golf-course	84
AZ	cerbat-cliffs-golf-course	119
AZ	chaparral-golf-country-club	109
AZ	cimarron-golf-course	53
AZ	coldwater-golf-club	97
AZ	continental-country-club	3
AZ	continental-golf-club	109
AZ	copper-canyon-golf-club	29
AZ	coronado-golf-course	4
AZ	corte-bella-golf-club	54
AZ	coyote-lakes-golf-club	183
AZ	dave-white-municipal-golf-course	297
AZ	del-lago-golf-club	136
AZ	desert-canyon-golf-club	43
AZ	desert-hills-golf-course	77
AZ	desert-hills-par-3-golf-course	116
AZ	desert-lakes-golf-club	41
AZ	desert-mirage-golf-course	109
AZ	dobson-ranch-golf-course	90
AZ	dorado-golf-course	128
AZ	douglas-municipal-golf-course	84
AZ	dove-valley-ranch-golf-club	3
AZ	el-rio-golf-club	34
AZ	elephant-rocks-golf-course	35
AZ	encanto-18-golf-course	97
AZ	encanto-9-golf-course	460
AZ	foothills-executive-golf-course	195
AZ	forty-niner-country-club	104
AZ	gold-canyon-golf-resort	81
AZ	golden-hills-golf-club	55
AZ	golf-club-at-eagle-mountain	14
AZ	golf-club-of-estrella	122
AZ	grand-canyon-university-golf-course	111
AZ	granite-falls-north	79
AZ	granite-falls-south	58
AZ	grass-clippings-at-rolling-hills	76
AZ	grayhawk-golf-club	56
AZ	greenfield-lakes-golf-course	223
AZ	haven-golf-course	83
AZ	hillcrest-golf-club	139
AZ	kokopelli-golf-club	71
AZ	lake-havasu-golf-club	193
AZ	las-barrancas-golf-course	221
AZ	las-sendas-golf-club	76
AZ	laughlin-ranch-golf-club	120
AZ	legend-trail-golf-club	131
AZ	lone-tree-golf-club	94
AZ	longbow-golf-club	98
AZ	los-lagos-golf-club	3
AZ	mcdowell-mountain-golf-club	53
AZ	mission-royale-golf-club	77
AZ	mountain-view-golf-course	13
AZ	oakcreek-country-club	133
AZ	ocotillo-golf-club	47
AZ	orange-tree-golf-resort	131
AZ	painted-mountain-golf-resort	137
AZ	palm-creek-golf-rv-resort	38
AZ	palo-verde-golf-course	35
AZ	papago-golf-club	92
AZ	payson-golf-course	110
AZ	peoria-pines-golf-course	185
AZ	power-ranch-golf-club	190
AZ	prescott-golf-club	40
AZ	pueblo-el-mirage-golf-club	72
AZ	quail-run-golf-course	72
AZ	quarry-pines-golf-club	76
AZ	queen-valley-golf-course	30
AZ	quintero-golf-club	12
AZ	rancho-manana-golf-club	145
AZ	raven-golf-club-phoenix	56
AZ	riverview-golf-course	101
AZ	robson-ranch-golf-club	26
AZ	rolling-hills-golf-course	63
AZ	royal-palms-golf-course	211
AZ	san-ignacio-golf-club	94
AZ	san-marcos-golf-resort	92
AZ	scottsdale-silverado-golf-club	105
AZ	sedona-golf-resort	139
AZ	sewailo-golf-club	119
AZ	sterling-grove-golf-country-club	65
AZ	stoneridge-golf-course	163
AZ	stonecreek-golf-club	69
AZ	sun-city-country-club	39
AZ	sun-city-lakes-east-golf-course	123
AZ	sun-city-lakes-west-golf-course	108
AZ	sun-city-south-golf-course	87
AZ	sun-village-golf-course	100
AZ	sunbird-golf-club	101
AZ	sundance-golf-club	180
AZ	sunland-springs-golf-club	94
AZ	sunland-village-east-golf-club	30
AZ	sunland-village-golf-club	49
AZ	superstition-springs-golf-club	60
AZ	the-500-club	161
AZ	the-duke-at-rancho-el-dorado	103
AZ	the-golf-club-at-dove-mountain	54
AZ	the-highlands-at-dove-mountain	5
AZ	the-lakes-at-ahwatukee	176
AZ	the-legacy-golf-club	108
AZ	the-links-at-coyote-wash	83
AZ	the-phoenician-golf-club	41
AZ	the-preserve-golf-club-at-saddlebrooke	48
AZ	the-refuge-golf-club	85
AZ	the-short-course-at-mountain-shadows	86
AZ	toka-sticks-golf-club	88
AZ	torres-blancas-golf-club	37
AZ	trilogy-golf-club-at-vistancia	39
AZ	troon-north-golf-club	48
AZ	tubac-golf-resort-spa	99
AZ	union-hills-golf-club	192
AZ	valle-vista-golf-club	77
AZ	verrado-golf-club-founders-course	64
AZ	verrado-golf-club-victory-course	73
AZ	viewpoint-golf-resort	73
AZ	western-skies-golf-club	96
AZ	wickenburg-golf-club	63
AZ	wigwam-golf-club-gold-course	286
AZ	wigwam-golf-club-heritage-course	286
AZ	wigwam-golf-club-patriot-course	286
AZ	willowbrook-golf-course	120
AZ	willowcreek-golf-course	80
